회사이름,채용정보,채용조건,Job Sector
(주)유엔에이엔지니어링관심기업 등록에스케이그룹대기업,신입 및 경력직원 채용공고스크랩,경기 군포시 외신입 · 경력 · 정규직 외학력무관,"기술지원, 백엔드/서버개발, 웹마스터, 유지보수, 정보보안"
주식회사썬테크관심기업 등록,"3조2교대 생산직(기숙사1인실,가불)스크랩",경북 구미시 외경력무관 · 정규직학력무관,"임베디드, 기계조작원, 단순생산직, 생산관리, 외관검사원"
주식회사에이치에스관심기업 등록,생산직 3조 2교대 사원 모집 (1인실기숙사/가불 가능)스크랩,경북 구미시 외경력무관 · 정규직학력무관,"임베디드, 기계조작원, 단순생산직, 생산관리, 외관검사원"
엘브이아이에스코리아(주)관심기업 등록외국계,(AI/헬스케어) 시니어 소프트웨어 QA 엔지니어 모집스크랩,서울 서초구 외경력 8년↑ · 정규직 외대학교(4년)↑,"QA/테스터, CSS, CSS3, HTML, Java"
엘브이아이에스코리아(주)관심기업 등록외국계,(AI/Healthcare) 멀티미디어 디자이너 모집스크랩,서울 서초구 외경력 3년↑ · 정규직 외대학교(4년)↑,"영상디자이너, 뉴미디어, 영상편집, SNS마케팅, 기업홍보"
엘브이아이에스코리아(주)관심기업 등록외국계,(AI/Healthcare) Frontend 엔지니어 개발자 모집스크랩,서울 서초구 외경력 3년↑ · 정규직 외대학교(4년)↑,"웹개발, 프론트엔드, 클라우드, Angular, CSS3"
엘브이아이에스코리아(주)관심기업 등록외국계,(AI/Healthcare) Backend 엔지니어 경력 모집스크랩,서울 서초구 외경력 5년↑ · 정규직 외대학교(4년)↑,"백엔드/서버개발, 웹개발, 클라우드, RDBMS, AWS"
(주)와이에이치데이타베이스관심기업 등록,웹 개발자(Spring/Java) 채용스크랩,"대구 수성구경력무관 · 정규직대학(2,3년)↑","웹개발, 정보보안, Git, Java, Javascript"
(주)도구공간관심기업 등록,[로봇 전문기업 도구공간] 서비스 운영 매니저 (대구근무)스크랩,대구 북구경력무관 · 정규직학력무관,"유지보수, 솔루션, 임베디드, H/W, IoT"
(주)한맥아이피에스관심기업 등록,연구개발부(웹 개발/모바일 개발) 신입•경력 채용스크랩,대구전체 외신입 · 경력 · 정규직학력무관,"백엔드/서버개발, 앱개발, 웹개발, 유지보수, 프론트엔드"
한국자동차연구원관심기업 등록,2024년도 10월 별정직(계약직) 직원 모집스크랩,"대구전체 외경력무관 · 계약직대학(2,3년)↑","머신러닝, 빅데이터, 임베디드, 자율주행, 정보통신"
울산과학기술원관심기업 등록,2024년 울산과학기술원 2차 직원 채용 공고스크랩,대구전체 외경력무관 · 정규직 외학력무관,"데이터분석가, 데이터엔지니어, 백엔드/서버개발, 빅데이터, 클라우드"
(주)우진플라임관심기업 등록대기업,㈜우진플라임 부문별 인재채용스크랩,대구전체 외신입 · 경력 · 정규직학력무관,"게임개발, 데이터분석가, 백엔드/서버개발, 앱개발, 웹개발"
(주)엔유씨전자관심기업 등록,㈜엔유씨전자 각 부문 신입 및 경력 채용스크랩,"대구전체 외신입 · 경력 · 정규직대학(2,3년)↑","웹표준·웹접근성, 무역사무원, 영업관리, 영업지원, 영업직"
(주)지비소프트관심기업 등록,솔루션 개발 기획 및 프로젝트 관리 담당자 채용(대구근무)스크랩,대구 수성구경력무관 · 정규직대학교(4년)↑,"데이터분석가, 기술기획, 상품기획, 서비스기획, 앱기획"
(주)제이브이엠관심기업 등록한미사이언스그룹코스닥,2024년 제이브이엠 하반기 채용스크랩,대구전체 외신입 · 경력 · 정규직 외학력무관,"데이터엔지니어, SE(시스템엔지니어), 펌웨어, S/W, SOA"
주식회사 하이엔드코리아관심기업 등록,[LG이노텍] 대기업계약직 사원/스마트폰부품/기숙사/통근차스크랩,대구전체 외경력무관 · 계약직학력무관,"임베디드, 기계조작원, 단순생산직, 생산관리, QA"
해커스교육그룹관심기업 등록챔프스터디그룹,2024년 해커스 교육그룹 [신입/경력] 각 부문별 채용공고스크랩,서울 서초구 외신입 · 경력 · 정규직 외학력무관,"백엔드/서버개발, 앱개발, 웹개발, 웹마스터, 유지보수"
키엔스코리아(주)관심기업 등록외국계,2024년 신입사원 채용 (기술엔지니어)스크랩,경기 성남시 분당구 외신입 · 정규직대학교(4년)↑,"C#, C++, 기계조작원, 공정엔지니어, 기술엔지니어"
수협은행관심기업 등록대기업,신입행원 채용공고스크랩,대구전체 외신입 · 정규직학력무관,"데이터분석가, 보안컨설팅, 정보보안, IT컨설팅, 인프라"
(재)만불회관심기업 등록,"경리,행정,전산,편집디자인,영상,유튜브,만불신문편집,만불출판편집,TM사원,운전기사 직원채용스크랩",대구 동구 외신입 · 경력 · 정규직 외학력무관,"유지보수, ERP, Windows, MySQL, OracleDB"
주식회사 리만코리아관심기업 등록,(주)리만코리아 경력직 채용 (서울/대구)스크랩,대구전체 외경력 · 정규직 외학력무관,"데이터분석가, 백엔드/서버개발, 보안컨설팅, 정보보안, 프론트엔드"
대구경북과학기술원부설한국뇌연구원관심기업 등록공사·공기업,[실증지원사업단] 제2차 사업단 직원(계약직) 채용_기술직스크랩,대구 동구경력 5년↑ · 계약직대학교(4년)↑,"데이터분석가, 데이터엔지니어, 앱개발, 웹개발, 정보보안"
대구경북과학기술원부설한국뇌연구원관심기업 등록공사·공기업,[실증지원사업단] 제2차 사업단 직원(계약직) 채용_연구직스크랩,대구 동구신입 · 경력 · 계약직대학교(4년)↑,"데이터분석가, 앱개발, 웹개발, 빅데이터, AI(인공지능)"
(주)인포셋관심기업 등록,[ICT/WEB] UI/UX 디자인&퍼블리셔 경력 채용스크랩,"대구 수성구경력 2년↑ · 정규직대학(2,3년)↑","프론트엔드, 반응형웹, 웹표준·웹접근성, 크로스브라우징, CSS3"
교세라도큐먼트솔루션스코리아(주)관심기업 등록외국계,서비스 직원 채용 [ 경북지점 ]스크랩,"대구 북구신입 · 경력 · 정규직대학(2,3년)↑","유지보수, A/S기사, 기계수리, 네트워크"
(주)디알테크아이앤씨관심기업 등록,POS 유지보수 고객지원부(대구지사) 사원 모집스크랩,대구 서구경력무관 · 정규직고졸↑,"유지보수, H/W, 정비기사, A/S기사"
수성입찰관심기업 등록,[대구] 수성입찰 분석팀 정규직 채용공고스크랩,대구 수성구경력무관 · 정규직고졸↑,"데이터분석가, 백엔드/서버개발, 보안컨설팅, 앱개발, IT컨설팅"
(주)이로컨설팅관심기업 등록,대구 반야월역  (주)이로컨설팅 분석팀 정규직 채용공고스크랩,대구 동구경력무관 · 정규직고졸↑,"데이터분석가, 고객안내, 고객응대, 인플루언서마케팅, 체험마케팅"
스마트입찰관심기업 등록,[두류역] 스마트입찰 분석팀 정규직 채용공고스크랩,대구 서구경력무관 · 정규직고졸↑,"데이터분석가, 백엔드/서버개발, 앱개발, 웹개발, IT컨설팅"
정보와기술(주)관심기업 등록정보와기술그룹,"대구지방법원 (안동지원, 경주지원) - 법원 전산장비 유지보수스크랩",대구 수성구경력 1년↑ · 계약직고졸↑,"유지보수, H/W, S/W"
발레오모빌리티코리아(주)관심기업 등록외국계,IS manager 경력 모집스크랩,대구전체 외5 ~ 10년 · 정규직대학교(4년)↑,"기술지원, 보안컨설팅, 정보보안, CISO, R"
㈜설텍관심기업 등록,기술연구소 전기.전자 하드웨어 설계 경력 및 신입사원 모집.스크랩,대구 달서구경력무관 · 정규직대학교(4년)↑,"임베디드, H/W, IoT, MCU, S/W"
티에스관심기업 등록,KT유선전문점) 전산 사무 직원 구합니다. (판매X영업X )스크랩,대구 달서구경력무관 · 정규직학력무관,정보통신
예반관심기업 등록,2024년 함께할 감각있고 센스있는 웹디자이너를 찾고 있습니다.스크랩,대구 서구경력무관 · 정규직고졸↑,"웹마스터, 사이트관리, 온라인MD, 상품관리, 쇼핑몰"
(주)아이디정보시스템관심기업 등록,[대구] 솔루션영업(기술지원팀) 신입사원 모집공고스크랩,대구 수성구신입 · 경력 · 정규직학력무관,"기술지원, 유지보수, H/W, 솔루션기술영업, S/W"
(주)아이디정보시스템관심기업 등록,[대구] 솔루션영업(영업팀) 팀장급 모집공고스크랩,대구 수성구경력 5년↑ · 정규직학력무관,"기술지원, 유지보수, H/W, 솔루션기술영업, S/W"
소프트웨어재난연구센터관심기업 등록,소프트웨어재난연구센터 연구원 채용공고스크랩,대구 북구경력무관 · 계약직대학교(4년)↑,"S/W, C++, Java, 기술연구, 대학원"
(주)플레이파크관심기업 등록,[대구]회사와 함께 성장할 유니티 개발자 모십니다.스크랩,대구 북구경력(년수무관) · 정규직 외학력무관,"게임개발, 앱개발, AR(증강현실), S/W, VR(가상현실)"
(주)플레이파크관심기업 등록,[대구] 회사와 함께 성장할 2D/3D디자이너 모집스크랩,대구 북구신입 · 경력 · 정규직 외학력무관,"모델링, 게임디자인, 그래픽디자인, 모바일디자인, 애니메이터"
(주)엔터인관심기업 등록,(주)엔터인에서 백앤드(Node.js) 개발자를 모집중 입니다.스크랩,"대구 수성구3 ~ 12년 · 정규직대학(2,3년)↑","백엔드/서버개발, 프론트엔드, ERP, Apache, Eclipse"
계명대학교관심기업 등록,계명대학교 장애인 기간제 계약직원 채용 공고(전산운영팀)스크랩,대구 달서구신입 · 계약직학력무관,"기술지원, 교육행정, 대학교"
계명대학교관심기업 등록,계명대학교 기간제 계약직원 채용 공고(통신망 관리)스크랩,"대구 달서구경력무관 · 계약직대학(2,3년)↑","기술지원, 교육행정, 대학교, 통신공사, 유지보수"
삼성글로벌정형외과의원관심기업 등록,Team SGOC 병원 웹/앱개발 / 백엔드개발자 모집스크랩,대구 수성구경력(년수무관) · 정규직학력무관,"데이터분석가, 데이터엔지니어, 백엔드/서버개발, 앱개발, 웹개발"
이인텔리전스(주)관심기업 등록,[ADAS 개발] 차량제어 (Vehicle Control) 신입 / 경력사원 채용스크랩,대구 북구신입 · 경력 · 정규직대학교(4년)↑,"자율주행, C++, Matlab, 연구원"
엘브이아이에스코리아(주)관심기업 등록외국계,(AI/Healthcare) 3D WebGL 엔지니어 모집스크랩,서울 서초구 외경력 2년↑ · 정규직 외대학교(4년)↑,"웹개발, AI(인공지능), HTML5, Java, Javascript"
주식회사에스에스클랜관심기업 등록,디자인 마켓팅 사원 모집스크랩,"대구 달서구신입 · 경력 · 정규직 외대학(2,3년)↑","앱개발, 웹개발, 유지보수, Angular, ECMAScript"
에스케이티엔에스(주)관심기업 등록네트웍인프라홀딩스그룹대기업,SK TNS 2024년 하반기 전환형 인턴 채용스크랩,대구전체 외신입 · 인턴직대학교(4년)↑,"ICT컨설팅, 정보통신, 채용담당자, ER(노무관리), HRD"
(주)아바코관심기업 등록아바코그룹코스닥,각 부문 경력직 및 신입직원 모집스크랩,"대구 달서구신입 · 경력 · 정규직대학(2,3년)↑","C#, C++, 회계사, 연말정산, 총무"
(주)오케이포스관심기업 등록NICE그룹,[NICE그룹/오케이포스] 솔루션 원격지원 담당(대구)스크랩,대구 북구신입 · 경력 · 정규직고졸↑,"솔루션, 고객안내, H/W"
똑똑마케팅관심기업 등록,[똑똑마케팅] 서버 개발자님 공고스크랩,대구 수성구경력 3년↑ · 정규직대학교(4년)↑,"백엔드/서버개발, 알고리즘, 아키텍쳐, AWS, Git"
(주)올인벤처스관심기업 등록,[올인벤처스] 웹디자이너 경력자(사원급) 모집스크랩,대구 남구경력 3년↑ · 정규직학력무관,"CSS, HTML, 웹디자인, 일러스트레이터, 상세페이지"
(주)하이커스관심기업 등록,주식회사 하이커스 채용 ( 관리 및 사무 )스크랩,"대구 수성구경력무관 · 정규직대학(2,3년)↑","앱개발, 웹개발, 유지보수, 사무직, 문서작성"
(주)메디칼스탠다드관심기업 등록,기술 서비스팀 PACS S/W 엔지니어 모집 (대구지사)스크랩,"대구 동구신입 · 경력 · 정규직대학(2,3년)↑","기술지원, 네트워크, MySQL, OracleDB, SQL"
(주)이로움관심기업 등록,임베디드 S/W 개발 신입/경력자 모집스크랩,"대구 서구신입 · 경력 · 정규직대학(2,3년)↑","앱개발, 임베디드, 정보통신, 펌웨어, IoT"
한국스마트기술센터관심기업 등록,"스마트팩토리 MES 구축 SI 개발자 (경력, 프론트/백엔드/풀스텍)스크랩",대구전체 외경력 2년↑ · 정규직학력무관,"백엔드/서버개발, 앱개발, 웹개발, 웹마스터, 프론트엔드"
웨이즈원(주)관심기업 등록,"[웨이즈원(주)] 현장조사 직무 채용 (계약직 / 의왕, 대구)스크랩","대구전체 외경력 5년↓ · 계약직대학(2,3년)↑","GIS, ArcGIS, QGIS, 도시개발, 도시교통"
(주)한맥아이피에스관심기업 등록,주차관제 유지보수 인원 채용스크랩,대구 수성구경력무관 · 정규직학력무관,"기술지원, 유지보수, 캐셔, 고객응대, 메일상담"
(주)기가스관심기업 등록,글로벌 결제서비스 UX.UI디자이너 주임~대리스크랩,대구 수성구경력 2년↑ · 정규직대학교(4년)↑,"퍼블리셔, 프론트엔드, 시각디자인, 웹디자인, UI/UX디자인"
(주)에이치코비관심기업 등록,"수질측정기 유지관리 직원 [수질, 환경, 화공,전기]스크랩","대구전체 외신입 · 경력 · 정규직대학(2,3년)↑","기술지원, 유지보수, 정보통신, 정비기사, 기계수리"
(주)투비스관심기업 등록,[솔루션] [S/W] S/W 개발 정규직 채용(경력자)스크랩,"대구 동구경력(년수무관) · 정규직대학(2,3년)↑","네트워크, 솔루션, 인프라, 자율주행, H/W"
(주)케이원관심기업 등록케이원그룹외국계,경북북부지역 CCTV유지보수 인력1명모집스크랩,"대구 달서구경력무관 · 정규직대학(2,3년)↑",유지보수
(주)정우비앤에스관심기업 등록,"대구 정보통신기사모집(영상,음향,CCTV,전광판) 신입가능스크랩",대구 북구경력무관 · 정규직고졸↑,"네트워크, 정보통신"
웬스관심기업 등록,[2명 채용] [웹개발] 시스템 응용프로그램 개발자스크랩,대구 동구경력 2년↑ · 정규직대학교(4년)↑,"백엔드/서버개발, 앱개발, 웹개발, 프론트엔드, 프로그램설계"
(주)포위즈시스템관심기업 등록,개발 경력직 모집스크랩,"대구 동구4 ~ 10년 · 계약직대학(2,3년)↑","웹개발, 퍼블리셔, DBA, SI개발, 반응형웹"
(주)유알정보기술관심기업 등록,(주)유알정보기술 정규직 금융기관 전산 유지보수 파견 근무스크랩,대구 동구신입 · 정규직학력무관,"네트워크, 유지보수"
(사)한국아이씨티기술협회관심기업 등록,[국비무료 IT 취업]자바파이썬/빅데이터/AI외스크랩,대구전체 외경력무관 · 교육생학력무관,"데이터분석가, 데이터엔지니어, 앱개발, 웹개발, 웹마스터"
(주)아이링크관심기업 등록,기술지원팀 네트워크 유지보수 신입사원 모집합니다스크랩,"대구 중구신입 · 정규직대학(2,3년)↑","네트워크, 유지보수, 정보통신"
가인통신관심기업 등록,"[SKB/광선로] 통신공사 현장 광접속 1명,  작업관리 공무 1명스크랩",대구 북구신입 · 경력 · 정규직고졸↑,"정보통신, 공무, 통신설계, 통신공사"
(주)케이티씨에스관심기업 등록케이티그룹대기업파견·도급·대행,[남대구점] kt플라자 채용공고스크랩,대구 남구신입 · 경력 · 계약직학력무관,정보통신
(주)그라운드컨트롤관심기업 등록,[플랫폼개발] 풀스택 / 백엔드 / 프론트엔드스크랩,대구전체 외3 ~ 8년 · 정규직학력무관,"백엔드/서버개발, 웹개발, 퍼블리셔, 프론트엔드, DBA"
(주)티아젠정보관심기업 등록,[시스템-설치/운영] 서버구축/유지보수 기술영업 (신입/경력)스크랩,"대구 동구경력무관 · 정규직대학(2,3년)↑","IT컨설팅, ICT컨설팅, 네트워크, 정보통신, 클라우드"
소프트랩흄관심기업 등록,웹/모바일 프론트엔드 신입 개발자 구인(재택/원격가능)스크랩,대구 동구 외신입 · 정규직학력무관,"앱개발, 웹개발, 프론트엔드, 반응형웹, 모바일디자인"
(주)보토관심기업 등록,(주)보토 - 풀스택(Full Stack) 개발자 모집 공고스크랩,대구 동구신입 · 경력 · 정규직학력무관,"기술지원, 백엔드/서버개발, 웹개발, 유지보수, SI개발"
엠제이소프트관심기업 등록,SW 경력자 구함 / C# / android /JAVA 연봉4000~5000 / 대구스크랩,"대구 수성구경력 3년↑ · 계약직대학(2,3년)↑","Android, C#, Java, 솔루션, C++"
(주)엠제이소프트관심기업 등록,C#/안드로이드/JAVA  개발 경력자 채용 / 수성구(4000-5000)스크랩,"대구 수성구경력 3년↑ · 정규직대학(2,3년)↑","Android, C#, Java, 솔루션, C++"
(주)아이엠뱅크관심기업 등록DGB금융지주그룹대기업,iM뱅크(前대구은행) 하반기 전문직(경력직) 채용공고스크랩,대구전체 외경력 · 계약직학력무관,"백엔드/서버개발, 앱개발, 웹개발, 퍼블리셔, 프론트엔드"
바인컴퍼니(주)관심기업 등록,스마트팩토리 우수공급기업 바인컴퍼니 개발자모집(경력)스크랩,"대구전체 외경력 3년↑ · 정규직대학(2,3년)↑","PM(프로젝트매니저), 개발PM, 솔루션, 개발관리자"
인성데이타(주)관심기업 등록바이크뱅크그룹,신입 정보보안 담당자 채용스크랩,대구 서구신입 · 정규직학력무관,"정보보안, 네트워크, 방화벽, ISMS"
(주)이수페타시스관심기업 등록이수그룹대기업,"(주)이수페타시스 경력직 채용 (IT/보안, 비서)스크랩",대구 달성군경력 2년↑ · 계약직대학교(4년)↑,"정보보안, 비서, 수행비서, 임원비서, 보안관제"
(주)오케이포스관심기업 등록NICE그룹,[NICE그룹/오케이포스] 솔루션 원격지원 담당(대구/야간근무)스크랩,대구 북구신입 · 경력 · 정규직고졸↑,"솔루션, 고객안내, H/W"
에이에프더블류(주)관심기업 등록코스닥,A.F.W(주) 전산팀 신입/경력 모집스크랩,"대구 달성군경력 1년↑ · 계약직대학(2,3년)↑","정보보안, 네트워크, 정보통신, H/W, S/W"
(주)이수시스템관심기업 등록이수그룹,이수시스템 24년 경력직 채용스크랩,대구전체 외경력 · 정규직대학교(4년)↑,"기술지원, 데이터분석가, 데이터엔지니어, 백엔드/서버개발, 보안컨설팅"
(주)디스트릭트코리아관심기업 등록디스트릭트코리아그룹외국계,[디스트릭트-대구오피스] 사내 그룹웨어 닷넷 개발자스크랩,대구전체 외2 ~ 5년 · 정규직학력무관,"백엔드/서버개발, 웹개발, 퍼블리셔, 프론트엔드, DBA"
바이오링크 주식회사관심기업 등록,"[바이오링크] 풀스택 개발자(신입, 경력 2년) 정규직 모집공고스크랩",대구 달서구신입 · 경력 · 정규직대학교(4년)↑,"백엔드/서버개발, AWS, Java, Javascript, MySQL"
바이오링크 주식회사관심기업 등록,[바이오링크] 풀스택 개발자(경력 5년 이상) 정규직 모집공고스크랩,대구 달서구5 ~ 12년 · 정규직대학교(4년)↑,"백엔드/서버개발, AWS, Java, Javascript, MySQL"
(주)코그관심기업 등록코그그룹,시네마틱(대구/서울)스크랩,대구 중구경력 3년↑ · 정규직학력무관,"게임개발, GM(게임운영), Unreal, 게임디자인, 그래픽디자인"
(주)우석이앤씨관심기업 등록,정보통신  사무 보조원 모집함.스크랩,대구 북구경력무관 · 정규직학력무관,"네트워크, 솔루션, 인프라, 클라우드, IIS"
(주)카택스관심기업 등록,[카택스] B2B CX(고객경험) 인재분을 모십니다.스크랩,대구 달서구경력무관 · 정규직학력무관,"솔루션, S/W, SaaS, 영업관리, 솔루션기술영업"
(주)메가젠임플란트관심기업 등록메가젠임플란트그룹,[R&D부문] 유닛체어개발팀 기구/펌웨어 설계 담당자 모집스크랩,"대구 달성군1 ~ 5년 · 정규직대학(2,3년)↑","펌웨어, S/W, C#, C++, C언어"
한국지능정보사회진흥원관심기업 등록공사·공기업,2024년 3차 계약직 채용공고(ICT사업관리)스크랩,대구전체경력무관 · 계약직학력무관,"ICT컨설팅, 사업기획, 사업개발, 사업관리"
제이픽스관심기업 등록,정규직 웹디자이너를 모집합니다.스크랩,대구 동구경력무관 · 정규직학력무관,"CSS, HTML5, jQuery, 일러스트, PhotoShop"
W병원관심기업 등록,[W병원] 시설관리과 전산직 채용 공고스크랩,"대구 달서구경력 2년↑ · 정규직대학(2,3년)↑","유지보수, 방화벽, 일반병원, 네트워크, 인프라"
(주)유비텍관심기업 등록,넥사크로 개발자 및 JAVA개발자 경력자 모집스크랩,"대구 남구경력 2년↑ · 계약직대학(2,3년)↑","웹개발, 네트워크, CSS, HTML5, Java"
(주)플로우관심기업 등록,[FLOW] 웹  디자인(퍼블리셔) 담당자 채용스크랩,대구 수성구경력 3년↑ · 정규직 외대학교(4년)↑,"웹개발, 퍼블리셔, 프론트엔드, Ajax, CSS"
너울테크관심기업 등록,[S/W] 역무자동화설비 현장유지보수 경력직 채용 (C언어/MFC)스크랩,"대구 남구 외경력 2년↑ · 계약직대학(2,3년)↑","DBMS, S/W, C++, MFC, OracleDB"
너울테크관심기업 등록,C언어 / MFC 응용소프트웨어 개발자 경력직 채용스크랩,"대구 남구경력 3년↑ · 계약직대학(2,3년)↑","DBMS, S/W, C#, C++, MFC"
너울테크관심기업 등록,C언어 / MFC 응용소프트웨어 개발자 경력직 채용 (연봉협상가능)스크랩,"대구 남구경력 3년↑ · 계약직대학(2,3년)↑","S/W, C#, C++, MFC, OracleDB"
(주)오션라이트에이아이관심기업 등록,(주) 오션라이트에이아이 AI 빅데이터 전문 인력 채용스크랩,대구 동구신입 · 경력 · 정규직 외대학교(4년)↑,"데이터분석가, 데이터엔지니어, 데이터라벨링, 데이터마이닝, 알고리즘"
(주)쓰리에이치관심기업 등록,(주)쓰리에이치 소프트웨어 개발자 모집합니다.스크랩,"대구 동구신입 · 경력 · 계약직대학(2,3년)↑","백엔드/서버개발, 앱개발, 웹개발, 정보보안, 프론트엔드"
피닉슨컨트롤스(주)관심기업 등록,[대구사업장] 2차전지 배터리 검사장비 SW 신입/경력 모집스크랩,대구 달성군신입 · 경력 · 정규직학력무관,"S/W, C#, C++, MFC, VisualC·C++"
(주)니어네트웍스관심기업 등록,"AI 개발자, Window 앱개발자, IT기획자, PC 엔지니어 경력자스크랩",대구 달서구경력 2년↑ · 계약직대학교(4년)↑,"앱개발, 딥러닝, 사업기획, 네트워크, 빅데이터"
(주)범우관심기업 등록,통신공사 업무 현장 시공 경력 사원을 모집함.스크랩,"대구 북구경력 2년↑ · 정규직대학(2,3년)↑","정보통신, S/W, 통신설계, 내진설계, 배전반설계"
(재)우체국금융개발원관심기업 등록과학기술정보통신부그룹,2024년 5차 공개채용 공고(청년인턴)스크랩,서울 영등포구 외경력무관 · 인턴직학력무관,"정보보안, 정보통신, 사무행정, 자료조사, 정보처리"
(주)케이티씨에스관심기업 등록케이티그룹대기업파견·도급·대행,[동대구점] kt플라자 채용공고스크랩,대구 동구신입 · 경력 · 계약직학력무관,정보통신
(주)아이엔에스관심기업 등록,경력있는 웹디자이너를 모집합니다.스크랩,대구 수성구경력 1년↑ · 정규직 외학력무관,"퍼블리셔, CSS, HTML5, 웹디자인, UI/UX디자인"
(주)어컴시스템관심기업 등록,(주)어컴시스템 웹/앱 개발자 부문 경력 채용스크랩,"대구 북구경력 3년↑ · 정규직대학(2,3년)↑","백엔드/서버개발, 앱개발, 웹개발, 클라우드, API"
(주)퓨전소프트관심기업 등록,SI 및 웹 개발자 채용(프리랜서)스크랩,대구전체 외경력 3년↑ · 프리랜서학력무관,"웹개발, Java, 정보보안, 모델링, 빅데이터"
(주)플로우관심기업 등록,디자이너 경력직 채용스크랩,대구 수성구경력 5년↑ · 정규직 외대학교(4년)↑,"웹개발, CSS, HTML, 시각디자인, 웹디자인"
태창철강(주)관심기업 등록태창철강그룹,[티시아이티] 정보시스템 개발 및 유지보수(신입/경력)스크랩,대구전체 외신입 · 경력 · 정규직학력무관,"기술지원, 유지보수, Java, Javascript, Spring"
거산산업(주)관심기업 등록,plc 프로그램 운영자스크랩,"대구 달성군경력 15년↑ · 정규직대학(2,3년)↑",기술지원
주식회사펀셰어관심기업 등록,소프트웨어 신입/경력 프론트엔드 개발자 채용(Flutter)스크랩,"대구 달서구신입 · 경력 · 정규직대학(2,3년)↑","앱개발, 웹개발, 프론트엔드, ASP, AWS"
(주)네트로관심기업 등록,기술지원팀 경력직 모집합니다.스크랩,"대구 수성구경력 2년↑ · 정규직대학(2,3년)↑","기술지원, 유지보수, 네트워크"
(주)위즈코리아관심기업 등록위즈코리아그룹,㈜위즈코리아/㈜위즈COK '24년 하반기 신입/경력 사원 모집스크랩,대구전체 외신입 · 경력 · 정규직 외학력무관,"백엔드/서버개발, 웹개발, 정보보안, 퍼블리셔, 프론트엔드"
세기정보통신(주)관심기업 등록,POS 시스템 설치 및 유지보수(대구)스크랩,"대구 달성군경력무관 · 정규직대학(2,3년)↑","유지보수, 네트워크"
(주)비즈하이관심기업 등록,IDC 서버관리자 신입/경력 모집스크랩,대구 수성구신입 · 경력 · 정규직학력무관,"SE(시스템엔지니어), 네트워크, IIS, Nginx, Windows"
유니온시스템관심기업 등록,"하드웨어 (무선통신회로,컨트롤회로,RF회로) 개발자 모집스크랩",대구 수성구경력 2년↑ · 정규직대학교(4년)↑,"임베디드, 자율주행, FPGA, H/W, MCU"
(주)한국이티에스관심기업 등록,"[대구] 수질측정기 TMS 유지관리 직원 (수질, 환경, 화공, 전기)스크랩","대구전체 외신입 · 경력 · 정규직대학(2,3년)↑","기술지원, 유지보수, 정보통신, H/W, 수질분석"
바이오링크 주식회사관심기업 등록,[바이오링크] 인공지능(AI) 개발자 인턴 채용스크랩,대구 달서구신입 · 경력 · 인턴직박사,"딥러닝, AI(인공지능), 머신러닝, 알고리즘, 컴퓨터비전"
(주)케이앤엘정보시스템관심기업 등록,Java/jsp/React 웹프로그래머 담당자 채용 공고스크랩,"대구 북구신입 · 경력 · 정규직대학(2,3년)↑","웹개발, Java, JSP, React, Spring"
지엘테크21(주)관심기업 등록,"IT개발·데이터(솔루션, SI, SM, C# , java) 경력자스크랩",대구 달서구2 ~ 5년 · 정규직대학교(4년)↑,"웹개발, 유지보수, 프론트엔드, SI개발, 솔루션"
(주)러번네트워크관심기업 등록,지역개발사업 컨설팅 연구원 모집[대구지사]스크랩,대구 동구경력무관 · 정규직대학교(4년)↑,"ArcGIS, 학술연구, 경관디자인, 공간디자인, 시각디자인"
(주)케이에스엔티관심기업 등록,[KSNT]H/W 경험 or 기계 공학 관련 경력직(5년이상) 모집스크랩,대구 동구경력 5년↑ · 정규직대학교(4년)↑,"H/W, 기술연구"
(주)유비텍관심기업 등록,정보보안 네트워크 관련 업무 구인/대구교육대학교 근무스크랩,"대구 남구경력무관 · 계약직 외대학(2,3년)↑","유지보수, 네트워크, 정보통신, 정보보안, 보안장비"
경북대학교 첨단정보통신융합산업기술원관심기업 등록,경북대학교 첨단기술원/스타트업지원센터 공동 채용(2024-3호)스크랩,대구전체 외경력무관 · 계약직학력무관,"S/W, 연구원, R&D, 전자파, 경영기획"
(주)나도소프트관심기업 등록,IT보안 기술 엔지니어 채용스크랩,"대구 동구신입 · 경력 · 정규직대학(2,3년)↑","기술지원, 보안컨설팅, 유지보수, 정보보안, 네트워크"
(주)코그관심기업 등록코그그룹,서버스크랩,대구 중구신입 · 경력 · 정규직학력무관,"게임개발, GM(게임운영), C#, C++"
(주)코그관심기업 등록코그그룹,클라이언트스크랩,대구 중구신입 · 경력 · 정규직학력무관,"게임개발, C++, Directx, 게임디자인, 3D디자인"
㈜신라공업관심기업 등록신라공업그룹,전산운영실 경력직 채용 ( IT/전산 )스크랩,"대구전체 외경력 3년↑ · 정규직대학(2,3년)↑","기술지원, 유지보수, 정보보안, 네트워크, 방화벽"
유니온시스템관심기업 등록,전자회로 펌웨어 프로그래머 정규직 채용스크랩,대구 수성구경력 4년↑ · 정규직대학교(4년)↑,"네트워크, 임베디드, H/W, MCU, RTOS"
(주)기가스관심기업 등록,"글로벌결제서비스 백엔드 개발팀 대리,과장급 (Python, Django)스크랩",대구 수성구경력 3년↑ · 정규직대학교(4년)↑,"백엔드/서버개발, 웹개발, 유지보수, 프론트엔드, DBA"
(주)지오씨엔아이관심기업 등록,(주)지오씨엔아이 사업 수행 PM [GIS 우대-경력-대구] 모집스크랩,"대구 동구경력(년수무관) · 정규직대학(2,3년)↑","GIS, ArcGIS, QGIS, 사업기획, PM(프로젝트매니저)"
(주)스마트크리에이터관심기업 등록,크리에이티브디렉터 웹디자인 웹퍼블리셔 경력직 채용스크랩,"대구 수성구경력 · 정규직대학(2,3년)↑","퍼블리셔, 반응형웹, 크로스브라우징, 그누보드, 광고디자인"
쿠팡풀필먼트서비스(유)관심기업 등록쿠팡그룹대기업,"[쿠팡CFS] 물류 자동화 로봇(AGV,AMR) S/W 엔지니어스크랩",대구 달성군 외경력 3년↑ · 정규직학력무관,"S/W, C++, Java, Javascript, Python"
스타법무법인관심기업 등록,[대구] 전략기획본부 SW개발파트 웹퍼블리셔 부문 경력 채용스크랩,대구전체 외경력 4년↑ · 정규직학력무관,"웹개발, 유지보수, 퍼블리셔, 반응형웹, 웹표준·웹접근성"
스타법무법인관심기업 등록,[대구] 전략기획본부 SW개발파트 QA 부문 경력 채용스크랩,대구전체 외경력 2년↑ · 정규직학력무관,"유지보수, QA/테스터, 웹표준·웹접근성, Pandas, Python"
스타법무법인관심기업 등록,[대구] 전략기획본부 마케팅파트 UI/UX 기획 부문 경력 채용스크랩,대구전체 외경력 2년↑ · 정규직학력무관,"백엔드/서버개발, 웹개발, 유지보수, 퍼블리셔, 프론트엔드"
스타법무법인관심기업 등록,[대구] 경영지원본부 IT파트 신입 채용스크랩,대구전체 외신입 · 인턴직학력무관,"보안컨설팅, 유지보수, 정보보안, 네트워크, 방화벽"
제이에이치커뮤니케이션즈관심기업 등록,[대구] 웹디자인 / 웹디자이너 (실무 경력 5년 이상)스크랩,"대구 수성구경력 5년↑ · 정규직대학(2,3년)↑","ECMAScript, HTML5, Javascript, jQuery, Vue.js"
(주)플로우관심기업 등록,[FLOW] 디자인 경력(관리자급) 채용스크랩,대구 수성구경력 5년↑ · 정규직 외대학교(4년)↑,"웹개발, CSS, HTML, 시각디자인, 웹디자인"
와이제이링크(주)관심기업 등록와이제이링크그룹,와이제이링크(주) S/W개발 부문 신입 모집 (사세확장)스크랩,대구 달성군신입 · 경력 · 정규직대학교(4년)↑,".NET, C#, C++, MFC, 장비제어"
와이제이링크(주)관심기업 등록와이제이링크그룹,와이제이링크(주) S/W개발 부문 경력직원 모집 (사세확장)스크랩,대구 달성군3 ~ 10년 · 정규직대학교(4년)↑,".NET, C#, C++, MFC, 장비제어"
(주)브리드비인터내셔널관심기업 등록브리드비인터내셔널그룹,챗GPT 프로그램 개발자 채용스크랩,대구 달성군경력무관 · 정규직학력무관,"웹개발, IT컨설팅, 솔루션, ERP, AI(인공지능)"
(주)코그관심기업 등록코그그룹,채용 전환형 상시 인턴 (서버)스크랩,"대구 중구경력무관 · 정규직 외대학(2,3년)↑","게임개발, 기술지원, 백엔드/서버개발, GM(게임운영)"
(주)코그관심기업 등록코그그룹,채용 전환형 상시 인턴 (클라이언트)스크랩,"대구 중구경력무관 · 정규직 외대학(2,3년)↑","게임개발, 기술지원, GM(게임운영), 게임디자인, 클라이언트"
영남도기(주)관심기업 등록,[영남도기(주)] 온라인 웹디자이너스크랩,경북 칠곡군 외경력무관 · 정규직학력무관,"CSS, CSS3, HTML, HTML5, Javascript"
(주)투버미디어관심기업 등록,웹 개발자 경력직 채용 (Spring/Java)스크랩,"대구 남구경력 2년↑ · 정규직대학(2,3년)↑","웹개발, HTML, JSP, Linux, MySQL"
라이프앤사이언스(주)관심기업 등록,[연구소] 임베디드 / 펌웨어 개발자 채용스크랩,"대구 북구경력 3년↑ · 정규직대학(2,3년)↑","이미지프로세싱, 임베디드, 컴퓨터비전, 펌웨어, MCU"
(주)드림아이디어소프트관심기업 등록,[대구]웹퍼블리셔 채용(경력)스크랩,대구 동구경력 1년↑ · 정규직학력무관,"퍼블리셔, CSS, HTML, Javascript"
주식회사 정인에프엔씨관심기업 등록,주)정인F&C  웹디자이너+퍼블리셔 채용공고스크랩,"대구 수성구경력(년수무관) · 정규직대학(2,3년)↑","퍼블리셔, 웹표준·웹접근성, 액션스크립트, CSS, HTML"
(주)고령기와관심기업 등록,자동라인 유지보수원 채용 (경력&신입)(전기전공우대)스크랩,대구전체 외경력무관 · 정규직고졸↑,"유지보수, 전기기사"
우상정보관심기업 등록,"[OA, 네트워크, 서버 장비 유지보수] 경력직 채용스크랩",대구 남구신입 · 경력 · 정규직학력무관,"유지보수, 네트워크, A/S기사"
(주)메가젠임플란트관심기업 등록메가젠임플란트그룹,[R&D부문]R2하드웨어개발팀 디지털솔루션 제품 개발 담당자 모집스크랩,"대구 수성구1 ~ 7년 · 정규직대학(2,3년)↑","펌웨어, 광학설계, 의료기기연구, 전기설계, 회로설계"
㈜신영지앤티관심기업 등록,자동화장비제작-기계장비 제작용 S/W개발스크랩,대구 북구신입 · 경력 · 정규직대학교(4년)↑,"데이터엔지니어, SE(시스템엔지니어), C#, C++, SQL"
달기나라(주)관심기업 등록,Unity 2D 게임 개발자 채용 (캐릭터 콘텐츠 게임 개발)스크랩,대구 중구경력무관 · 계약직대학교(4년)↑,"게임개발, 게임기획, iOS, Unity, 기획"
(주)루트랩관심기업 등록,블록체인 경력 개발자 채용스크랩,대구 남구경력 3년↑ · 정규직학력무관,"백엔드/서버개발, 웹개발, 정보보안, 블록체인, 아키텍쳐"
주식회사 노드블랙관심기업 등록,백엔드(React/graphQL) 개발자 모집스크랩,대구 달서구경력무관 · 정규직학력무관,"백엔드/서버개발, 웹개발, 프론트엔드, GraphQL, React"
와이드디지털정보관심기업 등록,"컴퓨터 사무기기 관리및 A/S , 물류 유통및 납품스크랩",대구 북구경력무관 · 정규직 외학력무관,"유지보수, 컴퓨터판매, 거래처관리, 거래처납품, 쇼핑몰관리"
(주)올엠소프트관심기업 등록,[JAVA개발] 그룹웨어 (구축/개발/기술 지원) /경력(필)스크랩,"대구 달서구경력 1년↑ · 정규직대학(2,3년)↑","웹개발, Bootstrap, CSS, Eclipse, HTML"
(주)아이티아이관심기업 등록,"IT기술지원 전문가 모집(네트워크 전문가, 보안 전문가)스크랩","대구전체 외신입 · 경력 · 정규직대학(2,3년)↑","기술지원, IT컨설팅, ICT컨설팅, 네트워크, 인프라"
(주)에이스웍스코리아관심기업 등록,기술지원 엔지니어 (대구)스크랩,"대구전체 외신입 · 경력 · 정규직대학(2,3년)↑","기술지원, 임베디드, H/W, C#, C++"
코더스IT학원관심기업 등록,달서구 컴퓨터/코딩 선생님 모집합니다.스크랩,대구 달서구경력무관 · 정규직 외학력무관,"S/W, Pytorch, 컴퓨터교육, 코딩, C++"
(주)케이원관심기업 등록케이원그룹외국계,대구/경북 기업 전산기기 유지보수스크랩,"대구 달서구경력무관 · 정규직대학(2,3년)↑",유지보수
신화정보시스템관심기업 등록,"포스기,키오스크,카드단말기 설치 관리스크랩","대구 중구경력무관 · 정규직대학(2,3년)↑","기술지원, A/S기사"
(주)이룸커뮤니티관심기업 등록,2024년 상반기(수시) Web 개발자 채용 공고 - 경력직(정규)스크랩,"대구 달서구3 ~ 20년 · 정규직 외대학(2,3년)↑","웹개발, S/W, HTML, Java, PHP"
오투웹스관심기업 등록,서버관리 및 보안 관리자 신입/경력 채용스크랩,"대구 동구신입 · 경력 · 정규직대학(2,3년)↑","보안컨설팅, 유지보수, SE(시스템엔지니어), 네트워크, 모의해킹"
와우프레스(주)관심기업 등록,와우프레스 웹개발팀 시스템관리자 채용스크랩,대구 달서구경력 3년↑ · 정규직학력무관,"SE(시스템엔지니어), Docker, Java, MariaDB, MySQL"
(주)크레템관심기업 등록녹십자그룹,(주)크레템 하드웨어 개발팀 인원모집스크랩,"대구 달서구신입 · 경력 · 정규직대학(2,3년)↑","H/W, R&D, 기술연구"
(주)카이스관심기업 등록,(대구 북구) 비전시스템 셋업엔지니어 경력무관 모집스크랩,"대구전체 외경력무관 · 정규직 외대학(2,3년)↑","기술지원, 유지보수, SE(시스템엔지니어), H/W, S/W"
(주)금도시스템관심기업 등록,(경력 5년이상) 웹 개발자/표준프레임워크 /JAVA 프로그램스크랩,대구 북구경력 5년↑ · 정규직대학교(4년)↑,"웹개발, HTML, Java"
아이에스티관심기업 등록,"(정규직) 전기,전자제어 검사장비 경력무관 채용스크랩","대구 달서구경력무관 · 정규직대학(2,3년)↑",H/W
가온소프트(주)관심기업 등록,공공기관 시스템 유지보수 요원 채용 (정규직/경력직)스크랩,대구 동구경력 3년↑ · 정규직학력무관,"Java, OracleDB, 유지보수, ERP"
(주)베스텔라랩관심기업 등록,자율주행 연구원(전문연구요원가능)스크랩,"대구전체 외2 ~ 15년 · 정규직대학(2,3년)↑","데이터분석가, 백엔드/서버개발, 앱개발, 웹개발, 딥러닝"
(주)베스텔라랩관심기업 등록,풀스택(Java) 개발자(전문연구요원가능)스크랩,"대구전체 외2 ~ 10년 · 정규직대학(2,3년)↑","백엔드/서버개발, 웹개발, 퍼블리셔, 프론트엔드, DBA"
(주)베스텔라랩관심기업 등록,프론트엔드 개발자(병특가능)스크랩,"대구전체 외2 ~ 10년 · 정규직대학(2,3년)↑","백엔드/서버개발, 앱개발, 웹개발, 프론트엔드, SE(시스템엔지니어)"
주식회사 리만코리아관심기업 등록,"IT 경력 ""서비스기획/플랫폼운영/프론트/백엔드/데이터분석""스크랩",대구전체 외경력 · 정규직 외학력무관,"백엔드/서버개발, 보안컨설팅, 유지보수, 정보보안, 프론트엔드"
(주)아이디알시스템관심기업 등록,장비 운용 SW 개발자스크랩,대구전체 외신입 · 경력 · 정규직학력무관,"DBA, S/W, C#, C++, C언어"
(주)베스텔라랩관심기업 등록,영상 처리 연구/개발(전문연구요원가능)스크랩,"대구전체 외2 ~ 10년 · 정규직대학(2,3년)↑","데이터분석가, 백엔드/서버개발, 웹개발, SE(시스템엔지니어), 딥러닝"
(주)케이시큐어관심기업 등록,정보보안 컨설턴트 신입/경력 사원 모집 (전국 근무)스크랩,"대구 수성구신입 · 경력 · 정규직대학(2,3년)↑","보안컨설팅, 인프라, 취약점진단, 정보보안"
채비(주)관심기업 등록,"채비(주) 하드웨어 담당자 채용(시스템전장 설계, PCB회로 설계)스크랩",대구 수성구1 ~ 14년 · 정규직대학교(4년)↑,"H/W, 제품설계, 전장설계, 회로설계, 생산기술"
(주)금도시스템관심기업 등록,3D 프린터 및 PC 주변기기 기술 지원 엔니지어 채용스크랩,대구 동구신입 · 경력 · 정규직고졸↑,"유지보수, pc유지보수, 3D프린터"
다쏘시스템코리아(주)관심기업 등록다쏘시스템코리아그룹외국계,[다쏘시스템/대구 R&D] C++ 개발자스크랩,대구 남구경력(년수무관) · 정규직대학교(4년)↑,"C++, R&D, 알고리즘, CSS, HTML"
다쏘시스템코리아(주)관심기업 등록다쏘시스템코리아그룹외국계,[다쏘시스템/대구 R&D] 자바스크립트 개발자스크랩,대구 남구경력(년수무관) · 정규직대학교(4년)↑,"Javascript, R&D, 알고리즘, CSS, HTML"
다쏘시스템코리아(주)관심기업 등록다쏘시스템코리아그룹외국계,[다쏘시스템/대구 R&D] 자바스크립트 개발 인턴스크랩,대구 남구신입 · 인턴직대학교(4년)↑,"Javascript, R&D, 알고리즘, CSS, HTML"
크레텍책임(주)관심기업 등록크레텍그룹,[크레텍책임/웰딩] 상시채용스크랩,대구전체 외경력무관 · 정규직 외고졸↑,"Java, MySQL, 무역사무원, 영업직, 물류관리"
피닉슨컨트롤스(주)관심기업 등록,"[대구사업장] 전기차 배터리 검사장비 CS 엔지니어 (신입, 경력)스크랩","대구 달성군신입 · 경력 · 정규직대학(2,3년)↑","유지보수, CS, 장비운용, setup"
(주)삼인시스템관심기업 등록,"웹개발 - JAVA, SPRING - 경력자 채용스크랩","대구 달서구경력 5년↑ · 정규직대학(2,3년)↑","웹개발, 클라우드, AWS, Java, JPA"
(주)삼인시스템관심기업 등록,[AI(인공지능)] AI 서비스 개발자 채용스크랩,"대구 달서구경력무관 · 정규직대학(2,3년)↑","머신러닝, 빅데이터, AI(인공지능), 클라우드, API"
(주)스맥관심기업 등록스맥그룹코스닥,㈜스맥 융복합사업부 각 부문 신입/경력 모집 (광명/대구)스크랩,대구전체 외3 ~ 20년 · 정규직고졸↑,"C#, WPF, 기술영업, 영업관리, 영업직"
(주)투버미디어관심기업 등록,PHP 웹프로그래머 채용공고(경력/신입)스크랩,"대구 남구신입 · 경력 · 정규직대학(2,3년)↑","웹개발, HTML, Linux, MySQL, OracleDB"
(주)드림아이디어소프트관심기업 등록,[대구]자바 백엔드 개발자 모집(Java)스크랩,대구 동구경력무관 · 정규직 외학력무관,"백엔드/서버개발, 웹개발, Java, SQL"
(주)광명테크관심기업 등록,민원발급시스템 서비스 기술직 신입 및 경력사원 모집스크랩,대구 수성구 외신입 · 경력 · 정규직고졸↑,"유지보수, A/S기사, 고객관리, 기술상담"
(주)유성이엔지관심기업 등록,[도시교통] (신입&경력) 도시계획 정규직 모집합니다스크랩,대구 수성구신입 · 경력 · 정규직대학교(4년)↑,"GIS, 도시설계, 도시개발, 해양조사, 도시교통"
다쏘시스템코리아(주)관심기업 등록다쏘시스템코리아그룹외국계,[다쏘시스템/대구 R&D] C++ 개발 매니저스크랩,대구 남구경력 10년↑ · 정규직대학교(4년)↑,"C++, R&D, 인프라, R"
(주)클루닉스관심기업 등록,[대구] 리눅스 시스템 엔지니어 채용스크랩,대구 북구5 ~ 12년 · 정규직학력무관,"SE(시스템엔지니어), 클라우드, Windows, CentOS, Linux"
(주)투버미디어관심기업 등록,웹디자이너 모집 공고(신입 또는 경력)스크랩,"대구 남구경력무관 · 정규직대학(2,3년)↑","퍼블리셔, 반응형웹, 웹표준·웹접근성, CSS3, 모바일디자인"
(주)네트아이티관심기업 등록,구내통신 네트워크 기술지원 엔지니어 모집스크랩,대구 동구경력무관 · 정규직 외학력무관,"기술지원, 백엔드/서버개발, 정보보안, 프론트엔드, 네트워크"
(주)네트아이티관심기업 등록,"UTM(보안장비) 및 네트워크장비,기술지원 엔지니어 모집스크랩",대구 동구신입 · 경력 · 정규직 외학력무관,"백엔드/서버개발, 정보보안, 네트워크, 방화벽, 기술지원"
(주)배터와이관심기업 등록,(시니어급)SW 개발 경력자 모집스크랩,대구 북구10 ~ 15년 · 정규직대학교(4년)↑,"백엔드/서버개발, 앱개발, 웹개발, 프론트엔드, Android"
(주)드림아이디어소프트관심기업 등록,[대구]웹퍼블리셔 채용(신입)스크랩,대구 동구경력무관 · 정규직학력무관,"퍼블리셔, CSS, HTML, Javascript"
(주)일만백만관심기업 등록,일만백만 웹 프론트엔드 리드  채용공고(서울 또는 대구)스크랩,"서울 강남구 외경력 5년↑ · 정규직대학(2,3년)↑","프론트엔드, CSS, HTML, Javascript, React"
(주)드림아이디어소프트관심기업 등록,[대구]웹퍼블리셔 채용(신입/경력)스크랩,대구 동구경력무관 · 정규직학력무관,"퍼블리셔, CSS, HTML, Javascript"
(주)디자인네트워크관심기업 등록,웹 디자이너 주 5일 근무 신입직원 채용공고스크랩,"대구 동구경력무관 · 정규직대학(2,3년)↑","프론트엔드, CSS, CSS3, HTML, Javascript"
에스트라오토모티브시스템(주)관심기업 등록대기업,에스트라오토모티브시스템(주) 정보전략실[IT]스크랩,대구전체 외경력무관 · 정규직대학교(4년)↑,"데이터엔지니어, 백엔드/서버개발, 유지보수, 정보보안, C#"
(주)산들정보통신관심기업 등록,웹개발/프로젝트 개발자 경력직 채용스크랩,대구 수성구경력 5년↑ · 정규직대학교(4년)↑,"기술지원, 백엔드/서버개발, 웹개발, SI개발, MySQL"
(주)지오씨엔아이관심기업 등록,[신입/경력] 공간정보(GIS) 사업 수행 - 대구스크랩,"대구 동구신입 · 경력 · 정규직대학(2,3년)↑","DBA, GIS, ArcGIS, QGIS, 제안서"
아몽솔루션(주)관심기업 등록,대구 - 전기기능사이상 또는 정보통신전공자 유지보수직원채용스크랩,대구 서구경력무관 · 정규직학력무관,"기술지원, 유지보수, 정보보안, IT컨설팅, 네트워크"
(주)기가스관심기업 등록,[신입/경력]글로벌결제서비스 개발팀 BE/FE (Django/Next.js)스크랩,대구 수성구신입 · 경력 · 정규직대학교(4년)↑,"백엔드/서버개발, 웹개발, 유지보수, 프론트엔드, DBA"
(주)유엔디관심기업 등록,로봇스타트업 소프트웨어 엔지니어 모집 (대구/구미)스크랩,대구 수성구신입 · 경력 · 정규직대학교(4년)↑,"데이터시각화, 머신러닝, 모델링, 알고리즘, 영상처리"
(주)티앤테크관심기업 등록,[티앤테크] C# 응용소프트웨어 개발자 모집(경력)스크랩,"대구 수성구경력 5년↑ · 정규직대학(2,3년)↑","S/W, 유지보수, DBMS, ERP, C#"
(주)엠투아이소프트관심기업 등록,[정규직] 의료정보 시스템 개발  / 웹개발 & 웹디자인 경력직모스크랩,"대구 수성구3 ~ 7년 · 정규직대학(2,3년)↑","웹개발, SI개발, ASP.NET, C#, C++"
주식회사 와이지솔루션관심기업 등록,플랫폼개발 PHP개발자 모십니다스크랩,대구 수성구경력 1년↑ · 정규직학력무관,"백엔드/서버개발, 웹개발, PHP"
(주)엠제이비전테크관심기업 등록평화그룹,엠제이비전테크 머신비전 개발 전문가 및 CS 담당자 모집스크랩,대구 달성군경력무관 · 정규직 외학력무관,"알고리즘, S/W, AI(인공지능), C++, 유지보수"
(주)엠제이비전테크관심기업 등록평화그룹,"엠제이비전테크 딥러닝 모델, 영상처리응용프로그램 개발자 모집스크랩",대구 중구경력무관 · 정규직학력무관,"알고리즘, 영상처리, S/W, AI(인공지능), 딥러닝"
(주)엠제이비전테크관심기업 등록평화그룹,엠제이비전테크 영업분야 채용스크랩,대구 중구경력무관 · 정규직 외학력무관,"기술지원, 기술영업, 영업관리, 영업지원, 영업"
(주)투비스관심기업 등록,S/W 개발 정규직 채용(디자인/퍼블러싱)스크랩,"대구 동구경력(년수무관) · 정규직대학(2,3년)↑","네트워크, 솔루션, H/W, IoT, S/W"
(주)네트로관심기업 등록,기업연구소 개발자 모집합니다.스크랩,"대구 수성구3 ~ 10년 · 정규직대학(2,3년)↑","백엔드/서버개발, 웹개발, AI(인공지능), 머신러닝, 빅데이터"
(주)로그인관심기업 등록,CCTV 회사에서 함께 할 성실한 기술팀 사원을 모집합니다.스크랩,대구 동구경력무관 · 정규직 외학력무관,"유지보수, 통신공사"
더블유 아이티관심기업 등록,"CCTV, 무인 · 보안시스템 설치 및 유지보수 엔지니어 채용스크랩","대구 동구경력 4년↑ · 정규직대학(2,3년)↑","기술지원, 네트워크, 케이블설치, 통신공사, CCTV공사"
(주)세성관심기업 등록,[연구소] 임베디드 / 펌웨어 개발직 모집스크랩,"대구 북구경력 3년↑ · 정규직대학(2,3년)↑","네트워크, 솔루션, 이미지프로세싱, 임베디드, 컴퓨터비전"
(주)메가젠임플란트관심기업 등록메가젠임플란트그룹,"[Support 부문]정보팀 물류시스템 개선, 개발자 모집스크랩",대구 달성군경력 3년↑ · 정규직대학교(4년)↑,"유지보수, SI개발, ERP, .NET, Android"
(주)스마트크리에이터관심기업 등록,"[알파시티] 기획, 웹퍼블리셔,마케팅,영상PD +팀 리드급경력우대스크랩",대구 수성구신입 · 경력 · 정규직 외대학교(4년)↑,"반응형웹, 웹표준·웹접근성, 크로스브라우징, 영상디자이너, 촬영감독"
(주)에이아이오투오관심기업 등록,[생성형 AI 활용 솔루션 기업] 데이터베이스관리자 DBA 초빙스크랩,대구 북구경력 5년↑ · 정규직학력무관,"DBA, DBMS, 기술지원, 솔루션, Linux"
(주)에스알시스템관심기업 등록,"MES(c#) 구축 신입, 경력 개발자 모집함.스크랩","대구 북구경력 1년↑ · 정규직대학(2,3년)↑","파워빌더, Delphi, Java, JPA, MariaDB"
에스지에이(주)관심기업 등록에스지에이홀딩스그룹외국계,[계약직] 공공SI 응용SW 개발자 모집스크랩,"대구 동구경력무관 · 계약직대학(2,3년)↑","백엔드/서버개발, 웹개발, 유지보수, 프론트엔드, Java"
(주)위니텍관심기업 등록,웹(JAVA) 개발자 경력직 채용(대구)스크랩,"대구 달서구경력 5년↑ · 정규직대학(2,3년)↑","웹개발, Java"
엔앰엠(주)관심기업 등록,IoT 전문 개발자 채용스크랩,"대구 수성구경력 5년↑ · 정규직대학(2,3년)↑","임베디드, 펌웨어, IoT, AI(인공지능), 솔루션"
에스아이오티(주)관심기업 등록,"MR IoT ( 로봇, 장치, 임베디드 시스템 ) 개발자 모집스크랩","대구 수성구경력 5년↑ · 정규직대학(2,3년)↑","임베디드, 펌웨어, IoT, AI(인공지능), C++"
(주)넥사디에스관심기업 등록,웹/응용프로그램(MES) 개발자 채용(신입/경력)스크랩,대구 북구경력무관 · 정규직학력무관,"웹개발, SI개발, 솔루션, .NET, Angular"
(주)유비텍관심기업 등록,"IT 시스템 및 하드웨어, 네트워크 정보통신기술엔지니어 경력자스크랩",대구 동구경력 2년↑ · 정규직고졸↑,"유지보수, 네트워크, 정보통신, 보안장비"
(주)아세아텍관심기업 등록코스닥,(주)아세아텍 각 부문별 신입 및 경력직원모집스크랩,"대구 달성군경력 3년↑ · 정규직대학(2,3년)↑","유지보수, 정보보안, 방화벽, C#, Javascript"
(주)소셜인프라테크관심기업 등록,"Linux Operator를 모십니다. (인턴, 대구)스크랩",대구 수성구경력무관 · 계약직학력무관,"백엔드/서버개발, 블록체인, IoT, Linux"
(주)소셜인프라테크관심기업 등록,"React Developer를 모십니다.(인턴, 대구)스크랩",대구 수성구경력무관 · 계약직학력무관,"백엔드/서버개발, 앱개발, 웹개발, 블록체인, IoT"
에스아이오티(주)관심기업 등록,AIoT 개발 보조 모집스크랩,대구 수성구경력무관 · 정규직고졸↑,"임베디드, 펌웨어, IoT, AI(인공지능), C++"
에스아이오티(주)관심기업 등록,AIoT 개발자 모집스크랩,"대구 수성구경력 5년↑ · 정규직대학(2,3년)↑","임베디드, 펌웨어, IoT, AI(인공지능), C++"
(주)우리이노베이션관심기업 등록,24년도 하반기 S/W개발자 정규직 모집함.스크랩,"대구 달서구경력무관 · 정규직대학(2,3년)↑","ASP, C#, C++, VB.NET, VisualBasic"
언브릿지(주)관심기업 등록,장비 관리/테스트/QC 경력자 모집스크랩,대구 서구경력 2년↑ · 정규직대학교(4년)↑,"데이터엔지니어, QA/테스터"
(주)블루스카이관심기업 등록,웹/앱 서버 UI개발자 재택근무가능(재택프로그램운영)근면 성실스크랩,대구 달서구1 ~ 20년 · 정규직학력무관,"백엔드/서버개발, 웹개발, 웹마스터, 네트워크, 반응형웹"
보아스소프트(주)관심기업 등록,IOS 어플리케이션 개발자 신입/경력직 채용 (대구)스크랩,"대구 수성구경력무관 · 정규직대학(2,3년)↑","앱개발, SI개발, 알고리즘, API, C++"
(주)코그관심기업 등록코그그룹,[코그] 전문연구요원 모집 (프로그램/게임기획)스크랩,대구 중구경력무관 · 정규직 외석사↑,"게임개발, C++, C언어, Directx, 게임디자인"
(주)하몬소프트관심기업 등록,[하몬소프트-대구지사] 통합관제시스템 구축 수행 엔지니어 채용스크랩,"대구 수성구신입 · 경력 · 정규직대학(2,3년)↑","기술지원, 데이터분석가, 데이터엔지니어, 유지보수, SE(시스템엔지니어)"
(주)뉴젠스관심기업 등록뉴젠스그룹,2024년 하반기 전송/정보통신 공사관련 신입사원 채용(경북지사)스크랩,"대구 동구신입 · 정규직대학(2,3년)↑","정보통신, 통신공사"
(주)지엘관심기업 등록,(주)지엘 UNITY VR 콘텐츠 개발자 모집합니다스크랩,대구 북구경력 2년↑ · 정규직학력무관,"게임개발, 블록체인, 게임기획, 서비스기획, 앱기획"
(주)칩스앤미디어관심기업 등록코넥스,[대구연구소] 반도체 RTL Engineer (경력직)스크랩,대구전체 외5 ~ 16년 · 정규직대학교(4년)↑,"SE(시스템엔지니어), 임베디드, FPGA, H/W, C++"
바이오링크 주식회사관심기업 등록,[바이오링크] 인공지능(AI) 개발자 정규직 모집공고스크랩,대구 달서구신입 · 경력 · 정규직박사,"딥러닝, AI(인공지능), 머신러닝, 알고리즘, 컴퓨터비전"
(주)와이어블관심기업 등록와이어블그룹코스닥,이동통신 중계기 유지보수(대구) 사원 채용스크랩,"대구 동구신입 · 경력 · 정규직대학(2,3년)↑","정보통신, 영업지원, 네트워크영업, 솔루션기술영업, 시스템영업"
(주)에스피파트너스관심기업 등록,2024년 에스피파트너스 하반기 채용 공고스크랩,대구전체 외신입 · 경력 · 정규직대학교(4년)↑,"데이터분석가, 데이터엔지니어, 웹개발, 데이터마이닝, 데이터시각화"
(주)에스엔텍관심기업 등록,시스템 엔지니어 경력사원 모집스크랩,"대구 수성구3 ~ 10년 · 정규직대학(2,3년)↑","기술지원, 유지보수, SE(시스템엔지니어), Windows, Linux"
(주)넷티스트관심기업 등록,네트워크 엔지니어 모집 (신입/경력)스크랩,대구 동구신입 · 경력 · 정규직학력무관,"네트워크, 방화벽, VPN, 유지보수, 인프라"
(주)포휴먼테크관심기업 등록,(긴급) 공공기관 업무 시스템 JSP 개발자 모집스크랩,"대구 동구신입 · 경력 · 정규직 외대학(2,3년)↑","웹개발, Java, JPA, Node.js, PostgreSQL"
(주)다울디엔에스관심기업 등록,(주)다울디엔에스  상시채용 - MetaVerse 개발 부문스크랩,"대구 동구신입 · 경력 · 정규직대학(2,3년)↑","웹개발, S/W, Angular, C#, C++"
(주)다울디엔에스관심기업 등록,(주)다울디엔에스  상시채용-Mobile Application 개발 부문스크랩,"대구 동구신입 · 경력 · 정규직대학(2,3년)↑","웹개발, S/W, Angular, C#, C++"
(주)다울디엔에스관심기업 등록,(주)다울디엔에스  상시채용 WindowsApplication  개발 부문스크랩,"대구 동구신입 · 경력 · 정규직대학(2,3년)↑","웹개발, S/W, Angular, C#, C++"
(주)다울디엔에스관심기업 등록,(주)다울디엔에스  상시채용 -Web Application 개발 부문스크랩,"대구 동구신입 · 경력 · 정규직대학(2,3년)↑","웹개발, S/W, Angular, C#, C++"
(주)다울디엔에스관심기업 등록,(주)다울디엔에스  상시채용 - AI/Big Data Solution 개발 부문스크랩,"대구 동구신입 · 경력 · 정규직대학(2,3년)↑","웹개발, S/W, Angular, C#, C++"
농업회사법인(주)민속친한우관심기업 등록농업회사법인민속친한우그룹,"[퍼블리셔] 퍼블리싱,브런트앤드 개발자 구인스크랩",대구 수성구경력무관 · 정규직학력무관,"퍼블리셔, 프론트엔드, 반응형웹, 웹표준·웹접근성, 크로스브라우징"
(주)산들정보통신관심기업 등록,방송/음향 기술영업(경력직) 채용스크랩,대구 수성구경력 5년↑ · 정규직대학교(4년)↑,"네트워크, 네트워크영업, 방송엔지니어, 기술영업"
주식회사잇츠센서관심기업 등록,신입/경력 Vision 알고리즘 및 SW 개발자 채용스크랩,대구 달서구신입 · 경력 · 정규직대학교(4년)↑,"알고리즘, C++, 로봇엔지니어, 알고리즘개발, 영상처리"
하마인포(주)관심기업 등록,국가정보자원관리원(대전광주대구)운영/유지보수/구축 인력모집스크랩,대구 동구3 ~ 15년 · 정규직 외학력무관,"백엔드/서버개발, 유지보수, SE(시스템엔지니어), H/W, IDC"
경북산업직업전문학교관심기업 등록,[정보보안] 네트워크 보안 교사 채용스크랩,대구 동구경력무관 · 정규직학력무관,"정보보안, 네트워크"
(주)데이타프로텍관심기업 등록,"프로그램 개발자  채용 (Delphi, C, C++, 근무지역 대구광역시)스크랩",대구 북구2 ~ 10년 · 정규직학력무관,"정보보안, DBMS, S/W, Windows, Delphi"
(주)데이타프로텍관심기업 등록,PHP 개발자 정규직 채용 신입/경력 채용스크랩,대구 북구경력 3년↑ · 정규직학력무관,"백엔드/서버개발, 웹개발, 정보보안, 프론트엔드, 솔루션"
(주)오브제인터랙티브관심기업 등록,전자상거래솔루션.WMS 개발자(PHP) 채용스크랩,대구 수성구신입 · 경력 · 정규직 외학력무관,"백엔드/서버개발, 웹개발, 유지보수, 퍼블리셔, 프론트엔드"
(주)에스씨티관심기업 등록,생산직 3조 2교대 사원 모집 (가불/ 기숙사 1인실 가능)스크랩,경북 구미시 외경력무관 · 정규직학력무관,"임베디드, 기계조작원, 단순생산직, 생산관리, 외관검사원"
(주)퍼스트인관심기업 등록,[LG이노텍/공식지정업체] 급여/환경/복지/기숙사/月10회휴무(강추스크랩,대구전체 외경력무관 · 계약직학력무관,"임베디드, 기계조작원, 단순생산직, 생산관리, 설비OP"
(주)사람인에이치에스관심기업 등록다우키움그룹파견·도급·대행,[외국계/중견기업/신입가능] 금형사업부 영업직 채용스크랩,"대구전체 외경력무관 · 정규직대학(2,3년)↑","기술지원, 기술영업, 영업관리, 영업지원, 영업직"
（주）코리아와이드아이티에스관심기업 등록,정보시스템 운영자 [통합관제센터 운영요원] 모집스크랩,대구 수성구경력무관 · 정규직학력무관,정보통신
주식회사 이로움관심기업 등록,"임베디드 S/W 개발자 모집(신입/경력, 정규)스크랩",대구 서구경력무관 · 정규직학력무관,"펌웨어, RTOS, S/W, Android, C++"
(주)엠아이티마스관심기업 등록,국내 유명 쇼핑몰 EDC PC 셋업 및 배송 업무 (대구)스크랩,대구 달성군경력무관 · 정규직학력무관,"유지보수, 배송기사, A/S기사"
한스컨설팅관심기업 등록헤드헌팅,"대구 근무, 대기업 계열 SI회사 시스템엔지니어 대리-과장급스크랩",대구 동구4 ~ 8년 · 정규직대학교(4년)↑,"기술지원, 백엔드/서버개발, 유지보수, SE(시스템엔지니어), SI개발"
매버릭컨설팅㈜관심기업 등록헤드헌팅,ADAS (자동차 운전자 지원시스템) 관련 각분야 전문가스크랩,대구 중구경력 3년↑ · 정규직대학교(4년)↑,기술지원
매버릭컨설팅㈜관심기업 등록헤드헌팅,PLANT MANAGER / HSE MANAGER / PURCHASING BUYER / IT MANAGER스크랩,대구 북구경력 10년↑ · 정규직대학교(4년)↑,"SCM, 구매, IT, Plant, 해양플랜트안전관리자"
매버릭컨설팅㈜관심기업 등록헤드헌팅,EHS/SCM/FACILITY/IT/PM  (분야별 차장-부장급 매니저 각1명)스크랩,"대구 중구경력 10년↑ · 정규직대학(2,3년)↑","PM(프로젝트매니저), SCM, IT"
(주)인큐브시스템관심기업 등록헤드헌팅,[국내중견기업] 전자제어개발팀 소프트웨어설계 경력직 채용스크랩,대구 달성군경력 3년↑ · 정규직대학교(4년)↑,"임베디드, 펌웨어, FPGA, H/W, MCU"
퍼솔켈리코리아(유)관심기업 등록헤드헌팅,[외국계기업/어학무관] 복합기 서비스/경북지점스크랩,"대구 북구신입 · 경력 · 정규직대학(2,3년)↑","기술지원, 솔루션, 기술영업, 영업관리, 영업직"
(주)커리어넷관심기업 등록파견·도급·대행,2024년 한국지능정보사회진흥원 3차 계약직 채용공고스크랩,대구 동구경력무관 · 계약직학력무관,"ICT컨설팅, 빅데이터, 사무직, 문서작성, 사무보조"
(주)메이븐앤컴퍼니관심기업 등록헤드헌팅,[스마트파밍플랫폼]웹개발 프로그래머 경력직 채용스크랩,"대구 달성군경력 3년↑ · 정규직대학(2,3년)↑","백엔드/서버개발, 웹개발, SAP, Java, 유지보수"
(주)코리아휴먼리소시스관심기업 등록헤드헌팅,대구근무 시스템반도체 HW 엔지니어스크랩,대구 중구경력무관 · 정규직대학교(4년)↑,"임베디드, FPGA, 회로설계, PCB, EDA"
(주)인큐브시스템관심기업 등록헤드헌팅,[대그룹 계열사] SAP FCM스크랩,대구 달성군3 ~ 8년 · 정규직대학교(4년)↑,"SAP, 유지보수, ABAP"
(주)인큐브시스템관심기업 등록헤드헌팅,[대그룹 계열사] SAP SCM스크랩,대구 달성군3 ~ 8년 · 정규직대학교(4년)↑,"SAP, SCM, 유지보수, ABAP, Java"
(주)비비파트너스관심기업 등록헤드헌팅,[웹개발] 기계제조업 그룹 IT 계열사스크랩,대구 달성군경력 3년↑ · 정규직대학교(4년)↑,"IT컨설팅, SE(시스템엔지니어), SI개발, ICT컨설팅, 데이터시각화"
(주)비비파트너스관심기업 등록헤드헌팅,[SAP FCM] 기계제조업 그룹 IT 계열사스크랩,대구 달성군경력 3년↑ · 정규직대학교(4년)↑,"IT컨설팅, SE(시스템엔지니어), SI개발, ICT컨설팅, 데이터시각화"
(주)비비파트너스관심기업 등록헤드헌팅,[SAP SCM] 기계제조업 그룹 IT 계열사스크랩,대구 달성군경력 3년↑ · 정규직대학교(4년)↑,"IT컨설팅, SE(시스템엔지니어), SI개발, ICT컨설팅, 데이터시각화"
에이치알포유(주)관심기업 등록헤드헌팅,"상장기업 자회사, 웹개발 프로그래머 [3년이상]스크랩","대구 달성군3 ~ 12년 · 정규직대학(2,3년)↑","백엔드/서버개발, 웹개발, 프론트엔드, DBMS, RDBMS"
에이치알포유(주)관심기업 등록헤드헌팅,상장회사 자회사 SAP FCM (3년이상)스크랩,"대구 달성군3 ~ 13년 · 정규직대학(2,3년)↑","SAP, 유지보수, ABAP"
에이치알포유(주)관심기업 등록헤드헌팅,"상장회사 자회사, SAP SCM (3년 이상)스크랩","대구 달성군3 ~ 13년 · 정규직대학(2,3년)↑","SAP, 유지보수, ABAP, Java"
(주)메이븐앤컴퍼니관심기업 등록헤드헌팅,"[스마트파밍플랫폼]DT인프라운영팀 SAP FCM(FI,TR,CO)스크랩",대구 달성군경력 3년↑ · 정규직대학교(4년)↑,"SAP, 유지보수, ABAP, FCM"
(주)메이븐앤컴퍼니관심기업 등록헤드헌팅,[스마트파밍플랫폼]DT인프라운영팀 SAP SCM스크랩,대구 달성군경력 3년↑ · 정규직대학교(4년)↑,"SAP, SCM, ABAP, Java"
(주)피플케어코리아관심기업 등록헤드헌팅,[대구] 자동차 전장품 SW 설계  경력자 채용 (대리~차장급)스크랩,대구 달성군경력 3년↑ · 정규직대학교(4년)↑,"임베디드, 펌웨어, S/W, MCU, SW"
위더스파트너스(주)관심기업 등록헤드헌팅,"디지털 농업 플랫폼 기업[SAP FCM, 3년이상, 대구]스크랩",대구 달성군경력 3년↑ · 정규직대학교(4년)↑,"SAP, 유지보수, 인프라, ABAP, FCM"
（주）코리아와이드아이티에스관심기업 등록,"정부 R&D(IT 분야) 과제 관리, 정부지원사업 수행 경력자 모집스크랩",대구 수성구경력 3년↑ · 정규직학력무관,"정보통신, R"
(주)에버이엔씨관심기업 등록,IT 기술 영업직스크랩,대구 달서구경력무관 · 계약직학력무관,"기술지원, 보안컨설팅, 유지보수, 정보보안, 네트워크"
(주)왓콘관심기업 등록,플러터(Flutter) 개발자스크랩,대구전체 외신입 · 경력 · 정규직대학교(4년)↑,"앱개발, Android, Flutter, Git, iOS"
(주)왓콘관심기업 등록,블록체인 기술 개발스크랩,대구전체 외신입 · 경력 · 정규직대학교(4년)↑,"웹개발, 프론트엔드, 블록체인, ECMAScript, Javascript"
한국자동차연구원관심기업 등록,2024년도 10월 별정직(계약직) 직원 모집스크랩,"대구전체 외경력무관 · 계약직대학(2,3년)↑","머신러닝, 빅데이터, 임베디드, 자율주행, 정보통신"
울산과학기술원관심기업 등록,2024년 울산과학기술원 2차 직원 채용 공고스크랩,대구전체 외경력무관 · 정규직 외학력무관,"데이터분석가, 데이터엔지니어, 백엔드/서버개발, 빅데이터, 클라우드"
대구경북과학기술원부설한국뇌연구원관심기업 등록공사·공기업,[실증지원사업단] 제2차 사업단 직원(계약직) 채용_연구직스크랩,대구 동구신입 · 경력 · 계약직대학교(4년)↑,"데이터분석가, 앱개발, 웹개발, 빅데이터, AI(인공지능)"
엘브이아이에스코리아(주)관심기업 등록외국계,(AI/Healthcare) 3D WebGL 엔지니어 모집스크랩,서울 서초구 외경력 2년↑ · 정규직 외대학교(4년)↑,"웹개발, AI(인공지능), HTML5, Java, Javascript"
(주)투비스관심기업 등록,[솔루션] [S/W] S/W 개발 정규직 채용(경력자)스크랩,"대구 동구경력(년수무관) · 정규직대학(2,3년)↑","네트워크, 솔루션, 인프라, 자율주행, H/W"
(주)아이엠뱅크관심기업 등록DGB금융지주그룹대기업,iM뱅크(前대구은행) 하반기 전문직(경력직) 채용공고스크랩,대구전체 외경력 · 계약직학력무관,"백엔드/서버개발, 앱개발, 웹개발, 퍼블리셔, 프론트엔드"
(주)이수시스템관심기업 등록이수그룹,이수시스템 24년 경력직 채용스크랩,대구전체 외경력 · 정규직대학교(4년)↑,"기술지원, 데이터분석가, 데이터엔지니어, 백엔드/서버개발, 보안컨설팅"
(주)오션라이트에이아이관심기업 등록,(주) 오션라이트에이아이AI빅데이터 전문 인력 채용스크랩,대구 동구신입 · 경력 · 정규직 외대학교(4년)↑,"데이터분석가, 데이터엔지니어, 데이터라벨링, 데이터마이닝, 알고리즘"
(주)위즈코리아관심기업 등록위즈코리아그룹,㈜위즈코리아/㈜위즈COK '24년 하반기 신입/경력 사원 모집스크랩,대구전체 외신입 · 경력 · 정규직 외학력무관,"백엔드/서버개발, 웹개발, 정보보안, 퍼블리셔, 프론트엔드"
바이오링크 주식회사관심기업 등록,[바이오링크] 인공지능(AI) 개발자 인턴 채용스크랩,대구 달서구신입 · 경력 · 인턴직박사,"딥러닝, AI(인공지능), 머신러닝, 알고리즘, 컴퓨터비전"
(주)브리드비인터내셔널관심기업 등록브리드비인터내셔널그룹,챗GPT 프로그램 개발자 채용스크랩,대구 달성군경력무관 · 정규직학력무관,"웹개발, IT컨설팅, 솔루션, ERP, AI(인공지능)"
(주)삼인시스템관심기업 등록,[AI(인공지능)]AI서비스 개발자 채용스크랩,"대구 달서구경력무관 · 정규직대학(2,3년)↑","머신러닝, 빅데이터, AI(인공지능), 클라우드, API"
(주)엠제이비전테크관심기업 등록평화그룹,엠제이비전테크 머신비전 개발 전문가 및 CS 담당자 모집스크랩,대구 달성군경력무관 · 정규직 외학력무관,"알고리즘, S/W, AI(인공지능), C++, 유지보수"
(주)엠제이비전테크관심기업 등록평화그룹,"엠제이비전테크 딥러닝 모델, 영상처리응용프로그램 개발자 모집스크랩",대구 중구경력무관 · 정규직학력무관,"알고리즘, 영상처리, S/W, AI(인공지능), 딥러닝"
(주)네트로관심기업 등록,기업연구소 개발자 모집합니다.스크랩,"대구 수성구3 ~ 10년 · 정규직대학(2,3년)↑","백엔드/서버개발, 웹개발, AI(인공지능), 머신러닝, 빅데이터"
엔앰엠(주)관심기업 등록,IoT 전문 개발자 채용스크랩,"대구 수성구경력 5년↑ · 정규직대학(2,3년)↑","임베디드, 펌웨어, IoT, AI(인공지능), 솔루션"
에스아이오티(주)관심기업 등록,"MR IoT ( 로봇, 장치, 임베디드 시스템 ) 개발자 모집스크랩","대구 수성구경력 5년↑ · 정규직대학(2,3년)↑","임베디드, 펌웨어, IoT, AI(인공지능), C++"
에스아이오티(주)관심기업 등록,AIoT 개발 보조 모집스크랩,대구 수성구경력무관 · 정규직고졸↑,"임베디드, 펌웨어, IoT, AI(인공지능), C++"
에스아이오티(주)관심기업 등록,AIoT 개발자 모집스크랩,"대구 수성구경력 5년↑ · 정규직대학(2,3년)↑","임베디드, 펌웨어, IoT, AI(인공지능), C++"
바이오링크 주식회사관심기업 등록,[바이오링크] 인공지능(AI) 개발자 정규직 모집공고스크랩,대구 달서구신입 · 경력 · 정규직박사,"딥러닝, AI(인공지능), 머신러닝, 알고리즘, 컴퓨터비전"
(주)에스피파트너스관심기업 등록,2024년 에스피파트너스 하반기 채용 공고스크랩,대구전체 외신입 · 경력 · 정규직대학교(4년)↑,"데이터분석가, 데이터엔지니어, 웹개발, 데이터마이닝, 데이터시각화"
(주)오브제인터랙티브관심기업 등록,전자상거래솔루션.WMS 개발자(PHP) 채용스크랩,대구 수성구신입 · 경력 · 정규직 외학력무관,"백엔드/서버개발, 웹개발, 유지보수, 퍼블리셔, 프론트엔드"
엘브이아이에스코리아(주)관심기업 등록외국계,(AI/헬스케어) 시니어 소프트웨어 QA 엔지니어 모집스크랩,서울 서초구 외경력 8년↑ · 정규직 외대학교(4년)↑,"QA/테스터, CSS, CSS3, HTML, Java"
엘브이아이에스코리아(주)관심기업 등록외국계,(AI/Healthcare) 멀티미디어 디자이너 모집스크랩,서울 서초구 외경력 3년↑ · 정규직 외대학교(4년)↑,"영상디자이너, 뉴미디어, 영상편집, SNS마케팅, 기업홍보"
엘브이아이에스코리아(주)관심기업 등록외국계,(AI/Healthcare) Frontend 엔지니어 개발자 모집스크랩,서울 서초구 외경력 3년↑ · 정규직 외대학교(4년)↑,"웹개발, 프론트엔드, 클라우드, Angular, CSS3"
엘브이아이에스코리아(주)관심기업 등록외국계,(AI/Healthcare) Backend 엔지니어 경력 모집스크랩,서울 서초구 외경력 5년↑ · 정규직 외대학교(4년)↑,"백엔드/서버개발, 웹개발, 클라우드, RDBMS, AWS"
(주)제이브이엠관심기업 등록한미사이언스그룹코스닥,2024년 제이브이엠 하반기 채용스크랩,대구전체 외신입 · 경력 · 정규직 외학력무관,"데이터엔지니어, SE(시스템엔지니어), 펌웨어, S/W, SOA"
발레오모빌리티코리아(주)관심기업 등록외국계,IS manager 경력 모집스크랩,대구전체 외5 ~ 10년 · 정규직대학교(4년)↑,"기술지원, 보안컨설팅, 정보보안, CISO, R"
에스케이티엔에스(주)관심기업 등록네트웍인프라홀딩스그룹대기업,SK TNS 2024년 하반기 전환형 인턴 채용스크랩,대구전체 외신입 · 인턴직대학교(4년)↑,"ICT컨설팅, 정보통신, 채용담당자, ER(노무관리), HRD"
(주)하이커스관심기업 등록,주식회사 하이커스 채용 ( 관리 및 사무 )스크랩,"대구 수성구경력무관 · 정규직대학(2,3년)↑","앱개발, 웹개발, 유지보수, 사무직, 문서작성"
웬스관심기업 등록,[2명 채용] [웹개발] 시스템 응용프로그램 개발자스크랩,대구 동구경력 2년↑ · 정규직대학교(4년)↑,"백엔드/서버개발, 앱개발, 웹개발, 프론트엔드, 프로그램설계"
(사)한국아이씨티기술협회관심기업 등록,[국비무료 IT 취업]자바파이썬/빅데이터/AI외스크랩,대구전체 외경력무관 · 교육생학력무관,"데이터분석가, 데이터엔지니어, 앱개발, 웹개발, 웹마스터"
(주)그라운드컨트롤관심기업 등록,[플랫폼개발] 풀스택 / 백엔드 / 프론트엔드스크랩,대구전체 외3 ~ 8년 · 정규직학력무관,"백엔드/서버개발, 웹개발, 퍼블리셔, 프론트엔드, DBA"
(주)디스트릭트코리아관심기업 등록디스트릭트코리아그룹외국계,[디스트릭트-대구오피스] 사내 그룹웨어 닷넷 개발자스크랩,대구전체 외2 ~ 5년 · 정규직학력무관,"백엔드/서버개발, 웹개발, 퍼블리셔, 프론트엔드, DBA"
바이오링크 주식회사관심기업 등록,"[바이오링크] 풀스택 개발자(신입, 경력 2년) 정규직 모집공고스크랩",대구 달서구신입 · 경력 · 정규직대학교(4년)↑,"백엔드/서버개발, AWS, Java, Javascript, MySQL"
바이오링크 주식회사관심기업 등록,[바이오링크] 풀스택 개발자(경력 5년 이상) 정규직 모집공고스크랩,대구 달서구5 ~ 12년 · 정규직대학교(4년)↑,"백엔드/서버개발, AWS, Java, Javascript, MySQL"
(주)니어네트웍스관심기업 등록,"AI개발자, Window 앱개발자, IT기획자, PC 엔지니어 경력자스크랩",대구 달서구경력 2년↑ · 계약직대학교(4년)↑,"앱개발, 딥러닝, 사업기획, 네트워크, 빅데이터"
(주)퓨전소프트관심기업 등록,SI 및 웹 개발자 채용(프리랜서)스크랩,대구전체 외경력 3년↑ · 프리랜서학력무관,"웹개발, Java, 정보보안, 모델링, 빅데이터"
주식회사펀셰어관심기업 등록,소프트웨어 신입/경력 프론트엔드 개발자 채용(Flutter)스크랩,"대구 달서구신입 · 경력 · 정규직대학(2,3년)↑","앱개발, 웹개발, 프론트엔드, ASP, AWS"
달기나라(주)관심기업 등록,Unity 2D 게임 개발자 채용 (캐릭터 콘텐츠 게임 개발)스크랩,대구 중구경력무관 · 계약직대학교(4년)↑,"게임개발, 게임기획, iOS, Unity, 기획"
(주)루트랩관심기업 등록,블록체인 경력 개발자 채용스크랩,대구 남구경력 3년↑ · 정규직학력무관,"백엔드/서버개발, 웹개발, 정보보안, 블록체인, 아키텍쳐"
주식회사 노드블랙관심기업 등록,백엔드(React/graphQL) 개발자 모집스크랩,대구 달서구경력무관 · 정규직학력무관,"백엔드/서버개발, 웹개발, 프론트엔드, GraphQL, React"
(주)에이스웍스코리아관심기업 등록,기술지원 엔지니어 (대구)스크랩,"대구전체 외신입 · 경력 · 정규직대학(2,3년)↑","기술지원, 임베디드, H/W, C#, C++"
(주)베스텔라랩관심기업 등록,자율주행 연구원(전문연구요원가능)스크랩,"대구전체 외2 ~ 15년 · 정규직대학(2,3년)↑","데이터분석가, 백엔드/서버개발, 앱개발, 웹개발, 딥러닝"
(주)베스텔라랩관심기업 등록,풀스택(Java) 개발자(전문연구요원가능)스크랩,"대구전체 외2 ~ 10년 · 정규직대학(2,3년)↑","백엔드/서버개발, 웹개발, 퍼블리셔, 프론트엔드, DBA"
(주)베스텔라랩관심기업 등록,프론트엔드 개발자(병특가능)스크랩,"대구전체 외2 ~ 10년 · 정규직대학(2,3년)↑","백엔드/서버개발, 앱개발, 웹개발, 프론트엔드, SE(시스템엔지니어)"
(주)아이디알시스템관심기업 등록,장비 운용 SW 개발자스크랩,대구전체 외신입 · 경력 · 정규직학력무관,"DBA, S/W, C#, C++, C언어"
(주)베스텔라랩관심기업 등록,영상 처리 연구/개발(전문연구요원가능)스크랩,"대구전체 외2 ~ 10년 · 정규직대학(2,3년)↑","데이터분석가, 백엔드/서버개발, 웹개발, SE(시스템엔지니어), 딥러닝"
다쏘시스템코리아(주)관심기업 등록다쏘시스템코리아그룹외국계,[다쏘시스템/대구 R&D] C++ 개발 매니저스크랩,대구 남구경력 10년↑ · 정규직대학교(4년)↑,"C++, R&D, 인프라, R"
(주)일만백만관심기업 등록,일만백만 웹 프론트엔드 리드  채용공고(서울 또는 대구)스크랩,"서울 강남구 외경력 5년↑ · 정규직대학(2,3년)↑","프론트엔드, CSS, HTML, Javascript, React"
(주)엠제이비전테크관심기업 등록평화그룹,엠제이비전테크 영업분야 채용스크랩,대구 중구경력무관 · 정규직 외학력무관,"기술지원, 기술영업, 영업관리, 영업지원, 영업"
(주)스마트크리에이터관심기업 등록,"[알파시티] 기획, 웹퍼블리셔,마케팅,영상PD +팀 리드급경력우대스크랩",대구 수성구신입 · 경력 · 정규직 외대학교(4년)↑,"반응형웹, 웹표준·웹접근성, 크로스브라우징, 영상디자이너, 촬영감독"
(주)에이아이오투오관심기업 등록,[생성형AI활용 솔루션 기업] 데이터베이스관리자 DBA 초빙스크랩,대구 북구경력 5년↑ · 정규직학력무관,"DBA, DBMS, 기술지원, 솔루션, Linux"
(주)칩스앤미디어관심기업 등록코넥스,[대구연구소] 반도체 RTL Engineer (경력직)스크랩,대구전체 외5 ~ 16년 · 정규직대학교(4년)↑,"SE(시스템엔지니어), 임베디드, FPGA, H/W, C++"
(주)다울디엔에스관심기업 등록,(주)다울디엔에스  상시채용 - MetaVerse 개발 부문스크랩,"대구 동구신입 · 경력 · 정규직대학(2,3년)↑","웹개발, S/W, Angular, C#, C++"
(주)다울디엔에스관심기업 등록,(주)다울디엔에스  상시채용-Mobile Application 개발 부문스크랩,"대구 동구신입 · 경력 · 정규직대학(2,3년)↑","웹개발, S/W, Angular, C#, C++"
(주)다울디엔에스관심기업 등록,(주)다울디엔에스  상시채용 WindowsApplication  개발 부문스크랩,"대구 동구신입 · 경력 · 정규직대학(2,3년)↑","웹개발, S/W, Angular, C#, C++"
(주)다울디엔에스관심기업 등록,(주)다울디엔에스  상시채용 -Web Application 개발 부문스크랩,"대구 동구신입 · 경력 · 정규직대학(2,3년)↑","웹개발, S/W, Angular, C#, C++"
(주)다울디엔에스관심기업 등록,(주)다울디엔에스  상시채용 -AI/Big Data Solution 개발 부문스크랩,"대구 동구신입 · 경력 · 정규직대학(2,3년)↑","웹개발, S/W, Angular, C#, C++"
(주)커리어넷관심기업 등록파견·도급·대행,2024년 한국지능정보사회진흥원 3차 계약직 채용공고스크랩,대구 동구경력무관 · 계약직학력무관,"ICT컨설팅, 빅데이터, 사무직, 문서작성, 사무보조"
위더스파트너스(주)관심기업 등록헤드헌팅,"디지털 농업 플랫폼 기업[SAP FCM, 3년이상, 대구]스크랩",대구 달성군경력 3년↑ · 정규직대학교(4년)↑,"SAP, 유지보수, 인프라, ABAP, FCM"
(주)왓콘관심기업 등록,플러터(Flutter) 개발자스크랩,대구전체 외신입 · 경력 · 정규직대학교(4년)↑,"앱개발, Android, Flutter, Git, iOS"
(주)왓콘관심기업 등록,블록체인 기술 개발스크랩,대구전체 외신입 · 경력 · 정규직대학교(4년)↑,"웹개발, 프론트엔드, 블록체인, ECMAScript, Javascript"
